<xml xmlns:o="urn:schemas-microsoft-com:office:office">
 <o:MainFile HRef="../JainSavaliya.htm"/>
 <o:File HRef="item0015.xml"/>
 <o:File HRef="props016.xml"/>
 <o:File HRef="themedata.thmx"/>
 <o:File HRef="colorschememapping.xml"/>
 <o:File HRef="image001.png"/>
 <o:File HRef="image002.png"/>
 <o:File HRef="image003.png"/>
 <o:File HRef="image004.png"/>
 <o:File HRef="image005.png"/>
 <o:File HRef="image006.png"/>
 <o:File HRef="image007.png"/>
 <o:File HRef="image008.png"/>
 <o:File HRef="image009.png"/>
 <o:File HRef="filelist.xml"/>
</xml>